date,LT_Rev
1931-01-01,0.0111
1931-02-01,0.0199
1931-03-01,0.0461
1931-04-01,-0.016200000000000003
1931-05-01,-0.0264
1931-06-01,0.0338
1931-07-01,0.042
1931-08-01,-0.0348
1931-09-01,-0.0701
1931-10-01,0.058499999999999996
1931-11-01,0.0084
1931-12-01,-0.061200000000000004
1932-01-01,0.0666
1932-02-01,0.0032
1932-03-01,0.0125
1932-04-01,0.0038
1932-05-01,0.0978
1932-06-01,-0.0285
1932-07-01,0.175
1932-08-01,0.20829999999999999
1932-09-01,-0.081
1932-10-01,-0.0821
1932-11-01,-0.066
1932-12-01,-0.0883
1933-01-01,0.0232
1933-02-01,-0.0331
1933-03-01,0.0587
1933-04-01,0.3682
1933-05-01,0.32130000000000003
1933-06-01,0.1036
1933-07-01,0.015
1933-08-01,0.0263
1933-09-01,-0.1376
1933-10-01,-0.0634
1933-11-01,0.0212
1933-12-01,-0.004699999999999999
1934-01-01,0.2553
1934-02-01,0.018500000000000003
1934-03-01,-0.0189
1934-04-01,-0.038599999999999995
1934-05-01,-0.0727
1934-06-01,-0.0453
1934-07-01,-0.1377
1934-08-01,0.0554
1934-09-01,0.0012
1934-10-01,-0.0408
1934-11-01,0.0253
1934-12-01,-0.019
1935-01-01,-0.024
1935-02-01,-0.08529999999999999
1935-03-01,-0.0037
1935-04-01,0.055099999999999996
1935-05-01,0.0208
1935-06-01,0.0018
1935-07-01,0.0999
1935-08-01,0.10400000000000001
1935-09-01,-0.0009
1935-10-01,0.0557
1935-11-01,0.0771
1935-12-01,0.0113
1936-01-01,0.12380000000000001
1936-02-01,0.0175
1936-03-01,-0.014499999999999999
1936-04-01,-0.0677
1936-05-01,0.0321
1936-06-01,-0.024900000000000002
1936-07-01,0.0455
1936-08-01,0.0256
1936-09-01,-0.009899999999999999
1936-10-01,0.016
1936-11-01,-0.0231
1936-12-01,0.0338
1937-01-01,0.010700000000000001
1937-02-01,-0.0015
1937-03-01,-0.0182
1937-04-01,-0.0025
1937-05-01,-0.0273
1937-06-01,0.0076
1937-07-01,-0.0123
1937-08-01,-0.022400000000000003
1937-09-01,-0.0355
1937-10-01,0.024399999999999998
1937-11-01,0.0276
1937-12-01,0.013300000000000001
1938-01-01,-0.0045000000000000005
1938-02-01,-0.037000000000000005
1938-03-01,0.0794
1938-04-01,-0.0332
1938-05-01,0.0387
1938-06-01,-0.12300000000000001
1938-07-01,-0.0279
1938-08-01,-0.031400000000000004
1938-09-01,-0.006500000000000001
1938-10-01,0.0542
1938-11-01,-0.0304
1938-12-01,-0.0129
1939-01-01,-0.0108
1939-02-01,0.0241
1939-03-01,-0.0737
1939-04-01,0.010700000000000001
1939-05-01,-0.0007000000000000001
1939-06-01,-0.0504
1939-07-01,0.014499999999999999
1939-08-01,-0.0032
1939-09-01,0.14980000000000002
1939-10-01,-0.038900000000000004
1939-11-01,-0.0388
1939-12-01,-0.0165
1940-01-01,0.0368
1940-02-01,-0.011899999999999999
1940-03-01,-0.012
1940-04-01,0.013300000000000001
1940-05-01,-0.0321
1940-06-01,0.0167
1940-07-01,-0.0141
1940-08-01,-0.018000000000000002
1940-09-01,-0.0159
1940-10-01,0.0086
1940-11-01,-0.050300000000000004
1940-12-01,-0.0294
1941-01-01,0.0285
1941-02-01,-0.0165
1941-03-01,0.0060999999999999995
1941-04-01,-0.006
1941-05-01,-0.0028000000000000004
1941-06-01,-0.0101
1941-07-01,0.0862
1941-08-01,-0.0166
1941-09-01,-0.0354
1941-10-01,-0.0341
1941-11-01,-0.018500000000000003
1941-12-01,-0.059800000000000006
1942-01-01,0.1448
1942-02-01,0.011899999999999999
1942-03-01,-0.0006
1942-04-01,-0.0008
1942-05-01,-0.0359
1942-06-01,-0.0015
1942-07-01,0.0345
1942-08-01,0.0006
1942-09-01,0.0311
1942-10-01,0.08810000000000001
1942-11-01,-0.0321
1942-12-01,0.0159
1943-01-01,0.122
1943-02-01,0.0966
1943-03-01,0.050199999999999995
1943-04-01,0.0461
1943-05-01,0.056100000000000004
1943-06-01,-0.0126
1943-07-01,-0.0215
1943-08-01,-0.0076
1943-09-01,0.029900000000000003
1943-10-01,-0.017
1943-11-01,-0.042
1943-12-01,0.0332
1944-01-01,0.025699999999999997
1944-02-01,-0.004
1944-03-01,0.0152
1944-04-01,-0.005600000000000001
1944-05-01,-0.0033
1944-06-01,0.005
1944-07-01,0.013500000000000002
1944-08-01,0.0064
1944-09-01,0.0017000000000000001
1944-10-01,-0.0084
1944-11-01,-0.0232
1944-12-01,-0.0031
1945-01-01,0.0053
1945-02-01,-0.0008
1945-03-01,0.0022
1945-04-01,-0.019
1945-05-01,-0.008
1945-06-01,0.011000000000000001
1945-07-01,0.018600000000000002
1945-08-01,-0.004699999999999999
1945-09-01,-0.0189
1945-10-01,-0.0373
1945-11-01,-0.0387
1945-12-01,-0.0163
1946-01-01,0.011699999999999999
1946-02-01,0.0207
1946-03-01,-0.028999999999999998
1946-04-01,-0.0069
1946-05-01,-0.021400000000000002
1946-06-01,0.0159
1946-07-01,0.0182
1946-08-01,0.022799999999999997
1946-09-01,0.057300000000000004
1946-10-01,0.0132
1946-11-01,0.035
1946-12-01,0.0028000000000000004
1947-01-01,-0.0031
1947-02-01,0.004
1947-03-01,0.030299999999999997
1947-04-01,0.0513
1947-05-01,0.0323
1947-06-01,-0.023
1947-07-01,-0.0371
1947-08-01,0.023399999999999997
1947-09-01,-0.0028000000000000004
1947-10-01,-0.0098
1947-11-01,0.0176
1947-12-01,-0.0011
1948-01-01,0.011399999999999999
1948-02-01,0.0256
1948-03-01,-0.0149
1948-04-01,0.0034000000000000002
1948-05-01,-0.0064
1948-06-01,0.0146
1948-07-01,0.0144
1948-08-01,-0.0103
1948-09-01,0.012
1948-10-01,0.005
1948-11-01,0.0070999999999999995
1948-12-01,0.0074
1949-01-01,0.0089
1949-02-01,0.0102
1949-03-01,-0.0032
1949-04-01,-0.0012
1949-05-01,0.0121
1949-06-01,-0.0084
1949-07-01,-0.0036
1949-08-01,-0.0148
1949-09-01,-0.006
1949-10-01,-0.0013
1949-11-01,-0.0183
1949-12-01,0.0352
1950-01-01,0.023
1950-02-01,0.0008
1950-03-01,-0.0069
1950-04-01,0.0286
1950-05-01,-0.03
1950-06-01,-0.0317
1950-07-01,0.0751
1950-08-01,-0.0298
1950-09-01,0.0029
1950-10-01,-0.005600000000000001
1950-11-01,0.0084
1950-12-01,0.0738
1951-01-01,0.0258
1951-02-01,-0.0325
1951-03-01,-0.0287
1951-04-01,-0.0033
1951-05-01,-0.0168
1951-06-01,-0.045700000000000005
1951-07-01,0.0105
1951-08-01,-0.0054
1951-09-01,0.0132
1951-10-01,-0.0046
1951-11-01,-0.0036
1951-12-01,-0.021400000000000002
1952-01-01,-0.0103
1952-02-01,0.0091
1952-03-01,-0.023799999999999998
1952-04-01,0.0183
1952-05-01,-0.0183
1952-06-01,-0.0168
1952-07-01,-0.0062
1952-08-01,0.0042
1952-09-01,0.0092
1952-10-01,0.0046
1952-11-01,-0.008
1952-12-01,-0.0070999999999999995
1953-01-01,0.014199999999999999
1953-02-01,0.0095
1953-03-01,0.0105
1953-04-01,0.018799999999999997
1953-05-01,-0.0131
1953-06-01,-0.0085
1953-07-01,-0.0062
1953-08-01,0.009000000000000001
1953-09-01,-0.0039000000000000003
1953-10-01,-0.0334
1953-11-01,-0.0067
1953-12-01,-0.0118
1954-01-01,-0.0034999999999999996
1954-02-01,-0.0092
1954-03-01,-0.0223
1954-04-01,-0.030899999999999997
1954-05-01,-0.011399999999999999
1954-06-01,-0.0109
1954-07-01,0.0055000000000000005
1954-08-01,0.0006
1954-09-01,-0.0329
1954-10-01,-0.0096
1954-11-01,-0.0171
1954-12-01,-0.0009
1955-01-01,-0.0101
1955-02-01,-0.0196
1955-03-01,0.0002
1955-04-01,0.0
1955-05-01,-0.0008
1955-06-01,-0.032400000000000005
1955-07-01,-0.0034000000000000002
1955-08-01,0.001
1955-09-01,0.0021
1955-10-01,0.0
1955-11-01,-0.0313
1955-12-01,-0.0045000000000000005
1956-01-01,0.0115
1956-02-01,-0.0171
1956-03-01,-0.0285
1956-04-01,-0.014499999999999999
1956-05-01,0.0022
1956-06-01,-0.014199999999999999
1956-07-01,-0.0189
1956-08-01,0.0064
1956-09-01,0.0098
1956-10-01,-0.0040999999999999995
1956-11-01,0.0241
1956-12-01,-0.0131
1957-01-01,0.0496
1957-02-01,0.0111
1957-03-01,-0.006
1957-04-01,-0.0187
1957-05-01,-0.0208
1957-06-01,-0.015600000000000001
1957-07-01,-0.0051
1957-08-01,0.0207
1957-09-01,0.024900000000000002
1957-10-01,-0.0015
1957-11-01,-0.0078000000000000005
1957-12-01,0.0168
1958-01-01,0.024399999999999998
1958-02-01,0.0073
1958-03-01,-0.006999999999999999
1958-04-01,0.0111
1958-05-01,0.003
1958-06-01,-0.0067
1958-07-01,-0.0219
1958-08-01,0.0070999999999999995
1958-09-01,-0.0062
1958-10-01,-0.0097
1958-11-01,-0.0034999999999999996
1958-12-01,-0.003
1959-01-01,0.0187
1959-02-01,0.0038
1959-03-01,-0.0045000000000000005
1959-04-01,-0.0043
1959-05-01,0.0091
1959-06-01,-0.0002
1959-07-01,-0.0038
1959-08-01,-0.011200000000000002
1959-09-01,-0.0018
1959-10-01,-0.0005
1959-11-01,-0.0037
1959-12-01,-0.0051
1960-01-01,0.0092
1960-02-01,-0.008
1960-03-01,-0.014199999999999999
1960-04-01,-0.011899999999999999
1960-05-01,-0.035
1960-06-01,-0.0012
1960-07-01,0.0027
1960-08-01,0.0109
1960-09-01,0.0131
1960-10-01,0.0125
1960-11-01,-0.0258
1960-12-01,-0.005699999999999999
1961-01-01,0.0373
1961-02-01,-0.0273
1961-03-01,-0.0301
1961-04-01,0.0076
1961-05-01,0.0078000000000000005
1961-06-01,-0.0173
1961-07-01,-0.0031
1961-08-01,-0.0159
1961-09-01,-0.0286
1961-10-01,-0.0049
1961-11-01,-0.0256
1961-12-01,0.0338
1962-01-01,0.0662
1962-02-01,0.0113
1962-03-01,-0.011399999999999999
1962-04-01,0.0059
1962-05-01,0.0342
1962-06-01,0.0174
1962-07-01,-0.0227
1962-08-01,-0.011000000000000001
1962-09-01,0.0173
1962-10-01,0.0083
1962-11-01,0.0079
1962-12-01,-0.0039000000000000003
1963-01-01,0.0161
1963-02-01,0.0072
1963-03-01,0.0124
1963-04-01,0.0104
1963-05-01,0.0241
1963-06-01,-0.0031
1963-07-01,-0.0111
1963-08-01,0.0158
1963-09-01,-0.0017000000000000001
1963-10-01,-0.0021
1963-11-01,-0.0001
1963-12-01,-0.0001
1964-01-01,0.0004
1964-02-01,0.012
1964-03-01,0.0387
1964-04-01,-0.0254
1964-05-01,-0.001
1964-06-01,-0.005
1964-07-01,-0.0006
1964-08-01,-0.0066
1964-09-01,0.0366
1964-10-01,-0.006
1964-11-01,-0.0147
1964-12-01,-0.0158
1965-01-01,0.022400000000000003
1965-02-01,0.028900000000000002
1965-03-01,0.0064
1965-04-01,0.0019
1965-05-01,0.0003
1965-06-01,-0.0181
1965-07-01,0.0159
1965-08-01,0.0167
1965-09-01,0.02
1965-10-01,0.009399999999999999
1965-11-01,0.0104
1965-12-01,-0.0029
1966-01-01,0.0149
1966-02-01,0.013600000000000001
1966-03-01,0.0063
1966-04-01,0.0143
1966-05-01,-0.009300000000000001
1966-06-01,0.013999999999999999
1966-07-01,-0.0040999999999999995
1966-08-01,0.0225
1966-09-01,-0.013000000000000001
1966-10-01,0.0004
1966-11-01,-0.0017000000000000001
1966-12-01,0.0043
1967-01-01,0.0075
1967-02-01,0.021099999999999997
1967-03-01,-0.0077
1967-04-01,-0.0353
1967-05-01,-0.0024
1967-06-01,-0.0036
1967-07-01,-0.0171
1967-08-01,0.0031
1967-09-01,-0.0092
1967-10-01,0.0027
1967-11-01,-0.0218
1967-12-01,0.0206
1968-01-01,0.059500000000000004
1968-02-01,0.0268
1968-03-01,-0.0242
1968-04-01,-0.048600000000000004
1968-05-01,-0.018600000000000002
1968-06-01,0.0276
1968-07-01,0.06309999999999999
1968-08-01,0.0077
1968-09-01,0.0004
1968-10-01,0.027200000000000002
1968-11-01,-0.0216
1968-12-01,-0.0091
1969-01-01,0.024
1969-02-01,0.0232
1969-03-01,-0.0001
1969-04-01,0.0009
1969-05-01,0.013600000000000001
1969-06-01,0.0146
1969-07-01,0.0297
1969-08-01,-0.0463
1969-09-01,-0.0113
1969-10-01,-0.0172
1969-11-01,-0.005
1969-12-01,0.0009
1970-01-01,0.041100000000000005
1970-02-01,0.015700000000000002
1970-03-01,0.0516
1970-04-01,0.06849999999999999
1970-05-01,0.0383
1970-06-01,0.0319
1970-07-01,0.0149
1970-08-01,-0.0085
1970-09-01,-0.0756
1970-10-01,0.0077
1970-11-01,0.020499999999999997
1970-12-01,0.0123
1971-01-01,0.008
1971-02-01,-0.0021
1971-03-01,-0.019799999999999998
1971-04-01,0.0202
1971-05-01,-0.0066
1971-06-01,-0.0115
1971-07-01,-0.029300000000000003
1971-08-01,0.0197
1971-09-01,-0.0175
1971-10-01,-0.0002
1971-11-01,-0.0089
1971-12-01,0.006999999999999999
1972-01-01,0.0285
1972-02-01,-0.014199999999999999
1972-03-01,-0.0163
1972-04-01,-0.0032
1972-05-01,-0.012199999999999999
1972-06-01,-0.0111
1972-07-01,-0.0024
1972-08-01,0.0308
1972-09-01,-0.0129
1972-10-01,0.0018
1972-11-01,0.0138
1972-12-01,-0.0229
1973-01-01,-0.0002
1973-02-01,-0.0017000000000000001
1973-03-01,0.0089
1973-04-01,0.024900000000000002
1973-05-01,-0.024700000000000003
1973-06-01,-0.004
1973-07-01,0.004
1973-08-01,0.0028000000000000004
1973-09-01,0.057300000000000004
1973-10-01,0.0232
1973-11-01,-0.023700000000000002
1973-12-01,0.0252
1974-01-01,0.0766
1974-02-01,0.045
1974-03-01,-0.0026
1974-04-01,0.0127
1974-05-01,-0.0302
1974-06-01,-0.018799999999999997
1974-07-01,0.0332
1974-08-01,0.0202
1974-09-01,0.0124
1974-10-01,-0.052000000000000005
1974-11-01,0.0002
1974-12-01,-0.04
1975-01-01,0.1451
1975-02-01,0.0008
1975-03-01,0.048600000000000004
1975-04-01,-0.0199
1975-05-01,0.020499999999999997
1975-06-01,0.025
1975-07-01,0.0078000000000000005
1975-08-01,-0.023700000000000002
1975-09-01,-0.013999999999999999
1975-10-01,0.0075
1975-11-01,0.0225
1975-12-01,-0.0032
1976-01-01,0.0915
1976-02-01,0.049
1976-03-01,0.003
1976-04-01,-0.0181
1976-05-01,-0.034300000000000004
1976-06-01,0.0169
1976-07-01,0.004
1976-08-01,0.0029
1976-09-01,-0.0042
1976-10-01,-0.0159
1976-11-01,0.011899999999999999
1976-12-01,0.0285
1977-01-01,0.0088
1977-02-01,-0.0147
1977-03-01,-0.0076
1977-04-01,0.0022
1977-05-01,0.0026
1977-06-01,0.0323
1977-07-01,0.0147
1977-08-01,0.034
1977-09-01,0.0053
1977-10-01,-0.010700000000000001
1977-11-01,0.0332
1977-12-01,-0.017
1978-01-01,0.0149
1978-02-01,-0.0068000000000000005
1978-03-01,0.0075
1978-04-01,0.0192
1978-05-01,-0.0017000000000000001
1978-06-01,0.0006
1978-07-01,0.005699999999999999
1978-08-01,-0.0055000000000000005
1978-09-01,-0.0072
1978-10-01,-0.0011
1978-11-01,-0.0077
1978-12-01,0.0024
1979-01-01,-0.006500000000000001
1979-02-01,0.009300000000000001
1979-03-01,-0.0039000000000000003
1979-04-01,-0.0042
1979-05-01,0.0070999999999999995
1979-06-01,-0.0273
1979-07-01,-0.020099999999999996
1979-08-01,-0.0167
1979-09-01,0.0013
1979-10-01,0.0154
1979-11-01,-0.0227
1979-12-01,-0.0037
1980-01-01,-0.0069
1980-02-01,0.0
1980-03-01,0.0252
1980-04-01,-0.0005
1980-05-01,0.0083
1980-06-01,-0.027999999999999997
1980-07-01,-0.0161
1980-08-01,-0.0154
1980-09-01,-0.0172
1980-10-01,-0.0273
1980-11-01,-0.0787
1980-12-01,0.0345
1981-01-01,0.0756
1981-02-01,0.025699999999999997
1981-03-01,0.0154
1981-04-01,0.0274
1981-05-01,0.0159
1981-06-01,0.009899999999999999
1981-07-01,-0.0348
1981-08-01,0.013000000000000001
1981-09-01,0.0513
1981-10-01,-0.0493
1981-11-01,0.0064
1981-12-01,0.013999999999999999
1982-01-01,0.0634
1982-02-01,0.059500000000000004
1982-03-01,0.0392
1982-04-01,-0.0168
1982-05-01,0.0148
1982-06-01,0.0195
1982-07-01,0.022099999999999998
1982-08-01,-0.0091
1982-09-01,-0.0053
1982-10-01,-0.0069
1982-11-01,0.0103
1982-12-01,0.0097
1983-01-01,0.0012
1983-02-01,-0.0037
1983-03-01,0.0096
1983-04-01,0.031
1983-05-01,-0.0203
1983-06-01,-0.0083
1983-07-01,0.011200000000000002
1983-08-01,0.0015
1983-09-01,0.0077
1983-10-01,0.0116
1983-11-01,-0.0125
1983-12-01,0.013000000000000001
1984-01-01,0.0424
1984-02-01,0.0022
1984-03-01,0.008
1984-04-01,-0.0165
1984-05-01,-0.0029
1984-06-01,-0.0358
1984-07-01,-0.0155
1984-08-01,-0.0181
1984-09-01,0.0175
1984-10-01,-0.017
1984-11-01,0.010700000000000001
1984-12-01,-0.0311
1985-01-01,-0.0183
1985-02-01,-0.0008
1985-03-01,-0.0092
1985-04-01,0.0017000000000000001
1985-05-01,-0.039900000000000005
1985-06-01,-0.0242
1985-07-01,0.016200000000000003
1985-08-01,0.0001
1985-09-01,-0.008
1985-10-01,-0.024900000000000002
1985-11-01,-0.0222
1985-12-01,-0.030899999999999997
1986-01-01,-0.0275
1986-02-01,-0.0362
1986-03-01,-0.026600000000000002
1986-04-01,-0.0124
1986-05-01,-0.0149
1986-06-01,-0.064
1986-07-01,-0.0384
1986-08-01,0.0475
1986-09-01,0.0391
1986-10-01,0.0072
1986-11-01,0.0024
1986-12-01,0.0058
1987-01-01,0.0319
1987-02-01,-0.0012
1987-03-01,0.0433
1987-04-01,0.0368
1987-05-01,0.0199
1987-06-01,-0.013000000000000001
1987-07-01,0.022400000000000003
1987-08-01,-0.028399999999999998
1987-09-01,0.0298
1987-10-01,-0.057999999999999996
1987-11-01,-0.002
1987-12-01,0.0274
1988-01-01,-0.0161
1988-02-01,0.0134
1988-03-01,0.0124
1988-04-01,0.004699999999999999
1988-05-01,-0.0005
1988-06-01,0.018600000000000002
1988-07-01,-0.013500000000000002
1988-08-01,-0.0196
1988-09-01,-0.02
1988-10-01,-0.0025
1988-11-01,-0.008
1988-12-01,0.0079
1989-01-01,0.028300000000000002
1989-02-01,0.009300000000000001
1989-03-01,0.0055000000000000005
1989-04-01,-0.0106
1989-05-01,-0.0172
1989-06-01,-0.006500000000000001
1989-07-01,-0.0177
1989-08-01,0.0015
1989-09-01,-0.0282
1989-10-01,-0.0353
1989-11-01,-0.0125
1989-12-01,-0.008199999999999999
1990-01-01,0.0348
1990-02-01,0.0191
1990-03-01,-0.0024
1990-04-01,-0.0118
1990-05-01,0.009899999999999999
1990-06-01,-0.0148
1990-07-01,-0.018799999999999997
1990-08-01,0.015600000000000001
1990-09-01,0.0037
1990-10-01,-0.0338
1990-11-01,-0.0063
1990-12-01,-0.0208
1991-01-01,0.06309999999999999
1991-02-01,0.0113
1991-03-01,-0.0045000000000000005
1991-04-01,-0.012199999999999999
1991-05-01,0.0137
1991-06-01,-0.0176
1991-07-01,0.0072
1991-08-01,-0.005
1991-09-01,-0.0073
1991-10-01,0.0235
1991-11-01,-0.0275
1991-12-01,-0.009000000000000001
1992-01-01,0.0944
1992-02-01,0.0527
1992-03-01,0.014199999999999999
1992-04-01,0.0078000000000000005
1992-05-01,-0.005
1992-06-01,0.0121
1992-07-01,-0.013600000000000001
1992-08-01,-0.041100000000000005
1992-09-01,0.0009
1992-10-01,-0.009000000000000001
1992-11-01,0.0032
1992-12-01,0.0085
1993-01-01,0.0555
1993-02-01,0.0421
1993-03-01,0.018799999999999997
1993-04-01,0.023700000000000002
1993-05-01,0.0132
1993-06-01,0.0172
1993-07-01,0.0101
1993-08-01,0.0111
1993-09-01,0.0062
1993-10-01,0.0167
1993-11-01,0.015300000000000001
1993-12-01,0.004
1994-01-01,0.0383
1994-02-01,-0.0012
1994-03-01,0.0062
1994-04-01,0.0019
1994-05-01,0.0165
1994-06-01,0.004699999999999999
1994-07-01,0.0051
1994-08-01,0.022799999999999997
1994-09-01,0.0167
1994-10-01,0.0067
1994-11-01,-0.0161
1994-12-01,0.0021
1995-01-01,-0.0055000000000000005
1995-02-01,-0.0102
1995-03-01,0.0123
1995-04-01,0.0037
1995-05-01,-0.011399999999999999
1995-06-01,-0.0176
1995-07-01,-0.0086
1995-08-01,-0.0113
1995-09-01,-0.0097
1995-10-01,0.0060999999999999995
1995-11-01,0.0075
1995-12-01,0.039900000000000005
1996-01-01,0.0127
1996-02-01,-0.0129
1996-03-01,-0.0025
1996-04-01,-0.0072
1996-05-01,0.0124
1996-06-01,-0.0015
1996-07-01,-0.0001
1996-08-01,-0.0159
1996-09-01,-0.0213
1996-10-01,0.0009
1996-11-01,-0.0246
1996-12-01,-0.005699999999999999
1997-01-01,-0.0155
1997-02-01,0.0089
1997-03-01,0.0209
1997-04-01,-0.038599999999999995
1997-05-01,-0.0215
1997-06-01,0.0018
1997-07-01,-0.0116
1997-08-01,0.0318
1997-09-01,-0.0040999999999999995
1997-10-01,0.0043
1997-11-01,0.0108
1997-12-01,0.001
1998-01-01,-0.0091
1998-02-01,-0.0129
1998-03-01,0.0222
1998-04-01,-0.0087
1998-05-01,0.014199999999999999
1998-06-01,-0.0076
1998-07-01,0.0027
1998-08-01,0.0463
1998-09-01,0.0033
1998-10-01,-0.0425
1998-11-01,-0.0044
1998-12-01,-0.0097
1999-01-01,0.0104
1999-02-01,0.0038
1999-03-01,-0.0121
1999-04-01,0.0546
1999-05-01,0.0341
1999-06-01,0.0059
1999-07-01,0.0187
1999-08-01,-0.0182
1999-09-01,0.0039000000000000003
1999-10-01,-0.0286
1999-11-01,0.0484
1999-12-01,0.055
2000-01-01,0.0167
2000-02-01,0.0733
2000-03-01,-0.051500000000000004
2000-04-01,0.0028000000000000004
2000-05-01,-0.0167
2000-06-01,0.024
2000-07-01,-0.030600000000000002
2000-08-01,0.0121
2000-09-01,-0.026000000000000002
2000-10-01,-0.009300000000000001
2000-11-01,0.0048
2000-12-01,0.0275
2001-01-01,-0.025699999999999997
2001-02-01,0.1099
2001-03-01,0.0371
2001-04-01,-0.0375
2001-05-01,0.037599999999999995
2001-06-01,0.0181
2001-07-01,0.0282
2001-08-01,0.058899999999999994
2001-09-01,0.0001
2001-10-01,-0.015300000000000001
2001-11-01,0.004
2001-12-01,0.0111
2002-01-01,0.033
2002-02-01,0.0407
2002-03-01,0.0208
2002-04-01,0.0596
2002-05-01,0.0235
2002-06-01,0.0209
2002-07-01,-0.0304
2002-08-01,-0.0054
2002-09-01,-0.0068000000000000005
2002-10-01,-0.002
2002-11-01,0.042199999999999994
2002-12-01,0.020499999999999997
2003-01-01,0.0031
2003-02-01,-0.018500000000000003
2003-03-01,-0.0275
2003-04-01,-0.008199999999999999
2003-05-01,0.0353
2003-06-01,0.012
2003-07-01,0.008
2003-08-01,-0.004699999999999999
2003-09-01,0.011000000000000001
2003-10-01,0.02
2003-11-01,0.0192
2003-12-01,0.0192
2004-01-01,0.020099999999999996
2004-02-01,-0.029300000000000003
2004-03-01,-0.0177
2004-04-01,-0.0223
2004-05-01,0.0088
2004-06-01,0.0176
2004-07-01,-0.0253
2004-08-01,-0.0291
2004-09-01,-0.0134
2004-10-01,0.009300000000000001
2004-11-01,-0.011200000000000002
2004-12-01,0.0088
2005-01-01,-0.0297
2005-02-01,-0.0144
2005-03-01,-0.0069
2005-04-01,-0.0144
2005-05-01,0.006
2005-06-01,-0.0155
2005-07-01,0.0088
2005-08-01,0.0040999999999999995
2005-09-01,-0.0007000000000000001
2005-10-01,-0.009300000000000001
2005-11-01,0.0027
2005-12-01,-0.0089
2006-01-01,0.012
2006-02-01,0.013000000000000001
2006-03-01,0.0051
2006-04-01,-0.0037
2006-05-01,-0.0014000000000000002
2006-06-01,-0.011000000000000001
2006-07-01,0.0143
2006-08-01,0.029900000000000003
2006-09-01,0.0178
2006-10-01,-0.0051
2006-11-01,-0.0191
2006-12-01,0.019299999999999998
2007-01-01,-0.0072
2007-02-01,-0.0068000000000000005
2007-03-01,-0.011399999999999999
2007-04-01,0.0031
2007-05-01,-0.0248
2007-06-01,-0.0016
2007-07-01,-0.0206
2007-08-01,-0.0011
2007-09-01,-0.0281
2007-10-01,-0.015700000000000002
2007-11-01,0.0064
2007-12-01,-0.0189
2008-01-01,0.0179
2008-02-01,-0.0209
2008-03-01,0.0285
2008-04-01,-0.0453
2008-05-01,-0.044500000000000005
2008-06-01,-0.0317
2008-07-01,0.0759
2008-08-01,0.0139
2008-09-01,0.057800000000000004
2008-10-01,0.0223
2008-11-01,-0.0254
2008-12-01,0.0011
2009-01-01,-0.0697
2009-02-01,0.0116
2009-03-01,0.035699999999999996
2009-04-01,-0.0033
2009-05-01,-0.0148
2009-06-01,0.0131
2009-07-01,0.050499999999999996
2009-08-01,0.0562
2009-09-01,-0.0168
2009-10-01,-0.049
2009-11-01,0.0139
2009-12-01,0.0070999999999999995
2010-01-01,0.0163
2010-02-01,0.0262
2010-03-01,0.0441
2010-04-01,0.0481
2010-05-01,-0.030699999999999998
2010-06-01,-0.0547
2010-07-01,0.0076
2010-08-01,-0.0385
2010-09-01,0.019299999999999998
2010-10-01,-0.0227
2010-11-01,-0.009300000000000001
2010-12-01,0.0471
2011-01-01,0.0088
2011-02-01,0.011399999999999999
2011-03-01,-0.02
2011-04-01,-0.022099999999999998
2011-05-01,-0.024300000000000002
2011-06-01,-0.0196
2011-07-01,-0.024900000000000002
2011-08-01,-0.06309999999999999
2011-09-01,-0.051500000000000004
2011-10-01,0.0365
2011-11-01,-0.0348
2011-12-01,0.0209
2012-01-01,0.0158
2012-02-01,0.0173
2012-03-01,0.0273
2012-04-01,-0.0187
2012-05-01,-0.0175
2012-06-01,0.0166
2012-07-01,-0.0196
2012-08-01,0.0187
2012-09-01,0.0179
2012-10-01,0.0106
2012-11-01,-0.0068000000000000005
2012-12-01,0.037599999999999995
2013-01-01,0.0334
2013-02-01,0.0004
2013-03-01,0.0129
2013-04-01,-0.0036
2013-05-01,0.0334
2013-06-01,-0.0064
2013-07-01,0.0166
2013-08-01,-0.013500000000000002
2013-09-01,0.0002
2013-10-01,0.003
2013-11-01,0.0034999999999999996
2013-12-01,-0.0105
2014-01-01,0.0116
2014-02-01,-0.013000000000000001
2014-03-01,0.0291
2014-04-01,0.0013
2014-05-01,-0.006999999999999999
2014-06-01,0.004
2014-07-01,0.0028000000000000004
2014-08-01,-0.013500000000000002
2014-09-01,-0.0109
2014-10-01,-0.0322
2014-11-01,-0.015700000000000002
2014-12-01,0.0046
2015-01-01,-0.0334
2015-02-01,-0.0204
2015-03-01,-0.0252
2015-04-01,0.012
2015-05-01,-0.008100000000000001
2015-06-01,-0.0098
2015-07-01,-0.016
2015-08-01,0.0126
2015-09-01,0.0007000000000000001
2015-10-01,-0.0068000000000000005
2015-11-01,-0.0007000000000000001
2015-12-01,-0.0245
2016-01-01,-0.011000000000000001
2016-02-01,0.0067
2016-03-01,0.041100000000000005
2016-04-01,0.049400000000000006
2016-05-01,-0.0222
2016-06-01,0.013999999999999999
2016-07-01,-0.0022
2016-08-01,0.0069
2016-09-01,0.0176
2016-10-01,-0.0097
2016-11-01,0.0218
2016-12-01,-0.027200000000000002
2017-01-01,-0.0127
2017-02-01,-0.0333
2017-03-01,-0.0123
2017-04-01,-0.0364
2017-05-01,-0.0265
2017-06-01,-0.006500000000000001
2017-07-01,0.0060999999999999995
2017-08-01,-0.019299999999999998
2017-09-01,0.0060999999999999995
2017-10-01,-0.0182
2017-11-01,0.0073
2017-12-01,0.0206
2018-01-01,-0.0192
2018-02-01,-0.034300000000000004
2018-03-01,0.0195
2018-04-01,0.028399999999999998
2018-05-01,-0.0023
2018-06-01,0.0092
2018-07-01,-0.0155
2018-08-01,-0.027999999999999997
2018-09-01,0.018500000000000003
2018-10-01,-0.0163
2018-11-01,-0.04019999999999999
2018-12-01,-0.027999999999999997
2019-01-01,0.022400000000000003
2019-02-01,-0.006500000000000001
2019-03-01,-0.008199999999999999
2019-04-01,-0.0302
2019-05-01,-0.0438
2019-06-01,-0.0034999999999999996
2019-07-01,-0.0311
2019-08-01,-0.049100000000000005
2019-09-01,0.0271
2019-10-01,-0.0332
2019-11-01,0.0011
2019-12-01,0.0098
2020-01-01,-0.051500000000000004
2020-02-01,-0.016399999999999998
2020-03-01,-0.085
2020-04-01,0.0308
2020-05-01,-0.024900000000000002
2020-06-01,0.0183
2020-07-01,-0.0013
2020-08-01,0.0192
2020-09-01,-0.0298
2020-10-01,-0.0097
2020-11-01,0.0613
2020-12-01,-0.0067
2021-01-01,0.0931
2021-02-01,0.042300000000000004
2021-03-01,0.0323
2021-04-01,-0.0192
2021-05-01,0.0537
2021-06-01,-0.0178
2021-07-01,-0.07400000000000001
2021-08-01,-0.0106
2021-09-01,0.0479
2021-10-01,-0.031400000000000004
2021-11-01,-0.0412
2021-12-01,-0.0014000000000000002
2022-01-01,0.11810000000000001
2022-02-01,0.0525
2022-03-01,0.0141
2022-04-01,0.0701
2022-05-01,0.0579
2022-06-01,-0.0206
2022-07-01,-0.0645
2022-08-01,0.0438
